<?xml version="1.0" encoding="UTF-8" ?>
<!DOCTYPE mapper PUBLIC "-//mybatis.org//DTD Mapper 3.0//EN" "http://mybatis.org/dtd/mybatis-3-mapper.dtd" >
<mapper namespace="com.javen.dao.UpKeepDao" >
  <resultMap id="BaseResultMap" type="com.javen.model.UpKeep" >
    <id      column="id"        property="id"        jdbcType="INTEGER" />
    <result  column="car_id"  property="car_id"  jdbcType="INTEGER" />
    <result  column="upkeep_date"  property="upkeep_date"  jdbcType="VARCHAR" />
    <result  column="upkeep_distance"  property="upkeep_distance"  jdbcType="VARCHAR" />
    <result  column="upkeep_account"  property="upkeep_account"  jdbcType="VARCHAR" />
    <result  column="upkeep_cost"  property="upkeep_cost"  jdbcType="VARCHAR" />
    <result  column="upkeep_address"  property="upkeep_address"  jdbcType="VARCHAR" />
    <result  column="user_idnumber"  property="user_idnumber"  jdbcType="VARCHAR" />
  </resultMap>
  
  <resultMap id="BaseResultMap_count" type="java.lang.Integer">
  	<result  column="count(*)"  property="count(*)"  jdbcType="INTEGER"  />
  </resultMap>
  
  <sql id="Base_Column_List" >
   	id,car_id,upkeep_date,upkeep_distance,upkeep_account,upkeep_cost,upkeep_address,user_idnumber
  </sql>
  
  <select id="selectAll_count"  resultMap="BaseResultMap_count"  >
  select count(*)
  from upkeep
  </select>
  
  <select id="selectByPrimaryKey" resultMap="BaseResultMap" parameterType="java.lang.Integer">
    select 
    <include refid="Base_Column_List" />
    from upkeep
    where id = #{id,jdbcType=INTEGER}
  </select>
  
  <select id="selectAll" resultMap="BaseResultMap" parameterType="com.javen.model.page_count">
    select 
    <include refid="Base_Column_List" />
    from upkeep limit #{offset,jdbcType=INTEGER},#{limit,jdbcType=INTEGER}
  </select>

	<!-- <select id="count" resultMap="java.lang.Integer" >
		select 
		count(*)
    	from upkeep
	</select> -->

   <delete id="deleteByPrimaryKey"  parameterType="java.lang.Integer">
    delete from upkeep
    where id = #{id,jdbcType=INTEGER}
  </delete>
  
   <insert id="insert" parameterType="com.javen.model.UpKeep" >
    insert into upkeep(car_id,upkeep_date,upkeep_distance,upkeep_account,upkeep_cost,upkeep_address,user_idnumber)
    values(#{car_id,jdbcType=INTEGER}, #{upkeep_date,jdbcType=VARCHAR}
    ,#{upkeep_distance,jdbcType=VARCHAR}, #{upkeep_account,jdbcType=VARCHAR}
    ,#{upkeep_cost,jdbcType=VARCHAR}, #{upkeep_address,jdbcType=VARCHAR}
    ,#{user_idnumber,jdbcType=VARCHAR})
   </insert>
  
   <update id="updateByPrimaryKey"   parameterType="com.javen.model.UpKeep" >
    update upkeep
    set car_id = #{car_id,jdbcType=INTEGER},
      upkeep_date = #{upkeep_date,jdbcType=VARCHAR},
      upkeep_distance = #{upkeep_distance,jdbcType=VARCHAR},
      upkeep_account = #{upkeep_account,jdbcType=VARCHAR},
      upkeep_cost = #{upkeep_cost,jdbcType=VARCHAR},
      upkeep_address = #{upkeep_address,jdbcType=VARCHAR},
      user_idnumber = #{user_idnumber,jdbcType=VARCHAR}
      where id = #{id,jdbcType=INTEGER}
  </update>

</mapper>