<?xml version="1.0" encoding="UTF-8" ?>
<!DOCTYPE mapper PUBLIC "-//mybatis.org//DTD Mapper 3.0//EN" "http://mybatis.org/dtd/mybatis-3-mapper.dtd" >
<mapper namespace="com.javen.dao.UserCarDao" >

<!--<resultMap id="BaseResultMap_user" type="com.javen.model.User" >
    <id      column="id"        property="id"        jdbcType="INTEGER" />
    <result  column="user_idnumber"  property="user_idnumber"  jdbcType="VARCHAR" />
    <result  column="user_name"  property="user_name"  jdbcType="VARCHAR" />
    <result  column="flag"   property="flag"   jdbcType="INTEGER" />
    <result  column="user_password"  	property="user_password"   jdbcType="VARCHAR" />
    
  </resultMap>-->
  
   <resultMap id="BaseResultMap" type="com.javen.model.UserCar" >
    <id      column="id"        property="id"        jdbcType="INTEGER" />
    <result  column="car_name"  property="car_name"  jdbcType="VARCHAR" />
    <result  column="car_mile"  property="car_mile"  jdbcType="INTEGER" />
    <result  column="car_src"   property="car_src"   jdbcType="VARCHAR" />
    <result  column="flag"  	property="flag"      jdbcType="INTEGER" />
    <result  column="car_id"    property="car_id"    jdbcType="INTEGER" />
    
    <!-- <association property="flag" column="flag"  select="BaseResultMap_user"/> -->
  </resultMap> 
  
  
  <resultMap id="BaseResultMapUnion" type="com.javen.model.Union" >
    <id      column="id"        property="id"        jdbcType="INTEGER" />
    <result  column="car_name"  property="car_name"  jdbcType="VARCHAR" />
    <result  column="car_mile"  property="car_mile"  jdbcType="INTEGER" />
    <result  column="car_src"   property="car_src"   jdbcType="VARCHAR" />
    <result  column="flag"  	property="flag"      jdbcType="INTEGER" />
    <result  column="car_id"    property="car_id"    jdbcType="INTEGER" />
   
    
  </resultMap>
  
  <resultMap id="BaseResultMap_count" type="java.lang.Integer">
  	<result column="count(*)" property="count(*)" jdbcType="INTEGER" />
  </resultMap>
  
  <sql id="Base_Column_List" >
   	id,car_name,car_mile,car_src,flag,car_id
  </sql>
 
  
  <select id="selectAll" resultMap="BaseResultMapUnion" parameterType="com.javen.model.UserPage">
   select 
    car_info.id,car_info.car_name,car_info.car_mile,car_info.car_src,car_info.flag,car_info.car_id,user.user_idnumber
    from car_info inner join user on car_info.flag = user.flag 
    where user.user_idnumber = #{user_idnumber,jdbcType=INTEGER} limit #{offset,jdbcType=INTEGER},#{limit,jdbcType=INTEGER}
   </select>
  
  <select  id="selectAll_count" resultMap="BaseResultMap_count" >
  select count(*)
  from car_info 
  </select>
  
   <delete id="deleteByPrimaryKey"  parameterType="java.lang.Integer">
    delete from car_info
    where id = #{id,jdbcType=INTEGER}
  </delete>
  
     <insert id="insert" parameterType="com.javen.model.UserCar" >
    insert into car_info (car_name, car_mile, car_src, flag, car_id)
    values (#{car_name,jdbcType=VARCHAR}, #{car_mile,jdbcType=INTEGER}, #{car_src,jdbcType=VARCHAR}, #{flag,jdbcType=INTEGER}, #{car_id,jdbcType=INTEGER})
   </insert>
  
     <update id="updateByPrimaryKey"  parameterType="com.javen.model.UserCar" >
    update car_info
    set car_name = #{car_name,jdbcType=VARCHAR},
      car_mile = #{car_mile,jdbcType=INTEGER},
      car_src = #{car_src,jdbcType=VARCHAR},
      flag = #{flag,jdbcType=INTEGER},
      car_id = #{car_id,jdbcType=INTEGER}
      where id = #{id,jdbcType=INTEGER}
  </update>
  
</mapper>