<?xml version="1.0" encoding="UTF-8" ?>
<!DOCTYPE mapper PUBLIC "-//mybatis.org//DTD Mapper 3.0//EN" "http://mybatis.org/dtd/mybatis-3-mapper.dtd" >
<mapper namespace="com.javen.dao.LoginDao" >
  <resultMap id="BaseResultMap" type="com.javen.model.Login" >
    <id      column="id"        property="id"        jdbcType="INTEGER" />
    <result  column="userName"  property="userName"  jdbcType="VARCHAR" />
    <result  column="password"  property="password"  jdbcType="VARCHAR" />
  </resultMap>
  
  
  <sql id="Base_Column_List" >
   	id,userName,password
  </sql>
  
  
  <select id="selectByPrimaryKey" resultMap="BaseResultMap" parameterType="java.lang.Integer">
    select 
    <include refid="Base_Column_List" />
    from login
    where id = #{id,jdbcType=INTEGER}
  </select>
  
  <select id="selectAll" resultMap="BaseResultMap" >
    select 
    <include refid="Base_Column_List" />
    from login
  </select>


   <delete id="deleteByPrimaryKey"  parameterType="java.lang.Integer">
    delete from login
    where id = #{id,jdbcType=INTEGER}
  </delete>
  
   <insert id="insert" parameterType="com.javen.model.Login" >
    insert into login (userName, password)
    values (#{userName,jdbcType=VARCHAR}, #{password,jdbcType=VARCHAR})
   </insert>
  
   <update id="updateByPrimaryKey"  parameterType="com.javen.model.Login" >
    update login
    set userName = #{userName,jdbcType=VARCHAR},
      password = #{password,jdbcType=VARCHAR}
      where id = #{id,jdbcType=INTEGER}
  </update>
  
   <select id="backLogin" resultMap="BaseResultMap" parameterType="com.javen.model.Login">
	select 	
	<include refid="Base_Column_List" />
	from back_login
	where userName = #{userName,jdbcType=VARCHAR} and password = #{password,jdbcType=VARCHAR}
	</select>
</mapper>