<?xml version="1.0" encoding="UTF-8" ?>
<!DOCTYPE mapper PUBLIC "-//mybatis.org//DTD Mapper 3.0//EN" "http://mybatis.org/dtd/mybatis-3-mapper.dtd" >
<mapper namespace="com.javen.dao.carDao" >
  <resultMap id="BaseResultMap" type="com.javen.model.car" >
    <id      column="id"        property="id"        jdbcType="INTEGER" />
    <result  column="car_name"  property="car_name"  jdbcType="VARCHAR" />
    <result  column="car_mile"  property="car_mile"  jdbcType="INTEGER" />
    <result  column="car_src"   property="car_src"   jdbcType="VARCHAR" />
    <result  column="flag"  	property="flag"      jdbcType="INTEGER" />
    <result  column="car_id"    property="car_id"    jdbcType="INTEGER" />
  </resultMap>
  
  <resultMap id="BaseResultMap_count" type="java.lang.Integer">
  	<result column="count(*)" property="count(*)" jdbcType="INTEGER" />
  </resultMap>
  
  <sql id="Base_Column_List" >
   	id,car_name,car_mile,car_src,flag,car_id
  </sql>
  
  <select id="selectAll" resultMap="BaseResultMap" parameterType="com.javen.model.page_count">
    select 
    <include refid="Base_Column_List" />
    from car_info limit #{offset,jdbcType=INTEGER},#{limit,jdbcType=INTEGER}
  </select>
  
  <select  id="selectAll_count" resultMap="BaseResultMap_count" >
  select count(*)
  from car_info 
  </select>
  
   <delete id="deleteByPrimaryKey"  parameterType="java.lang.Integer">
    delete from car_info
    where id = #{id,jdbcType=INTEGER}
  </delete>
  
     <insert id="insert" parameterType="com.javen.model.car" >
    insert into car_info (car_name, car_mile, car_src, flag, car_id)
    values (#{car_name,jdbcType=VARCHAR}, #{car_mile,jdbcType=INTEGER}, #{car_src,jdbcType=VARCHAR}, #{flag,jdbcType=INTEGER}, #{car_id,jdbcType=INTEGER})
   </insert>
  
     <update id="updateByPrimaryKey"  parameterType="com.javen.model.car" >
    update car_info
    set car_name = #{car_name,jdbcType=VARCHAR},
      car_mile = #{car_mile,jdbcType=INTEGER},
      car_src = #{car_src,jdbcType=VARCHAR},
      flag = #{flag,jdbcType=INTEGER},
      car_id = #{car_id,jdbcType=INTEGER}
      where id = #{id,jdbcType=INTEGER}
  </update>
  
</mapper>