<?xml version="1.0" encoding="UTF-8"?>
<!DOCTYPE mapper PUBLIC "-//mybatis.org//DTD Mapper 3.0//EN" "http://mybatis.org/dtd/mybatis-3-mapper.dtd">
<mapper namespace="cn.zcbigdata.mybits_demo.mapper.Student1Mapper">

    <!--登录模块-->
    <select id="slogin" resultType="cn.zcbigdata.mybits_demo.entity.Student1" parameterType="cn.zcbigdata.mybits_demo.entity.EasyStudentLogin">
        select * from student where stu_id = #{stu_id,jdbcType=INTEGER} and stu_password = #{stu_password,jdbcType=VARCHAR}
    </select>

    <!--作业模块-->
    <select id="sHomeWorkSelectAll" resultType="cn.zcbigdata.mybits_demo.entity.THomeWork" parameterType="java.lang.Integer">
        select homework.* from homework inner join student
        on student.teacher_id=homework.teacher_id where student.stu_id = #{stu_id,jdbcType=INTEGER}

    </select>


    <select id="sHomeWorkSelectSingle" resultType="cn.zcbigdata.mybits_demo.entity.THomeWork_Son" parameterType="cn.zcbigdata.mybits_demo.entity.StudentSelect">
        select * from homework_son where stu_id = #{stu_id,jdbcType=INTEGER} and homework_name = #{homework_name,jdbcType=VARCHAR}
     </select>

    <update id="sHomeWorkUpdateSingle" parameterType="cn.zcbigdata.mybits_demo.entity.THomeWork_Son">
        update homework_son set homework_content = #{homework_content,jdbcType=VARCHAR},
        flag = #{flag,jdbcType=INTEGER},homework_count = #{homework_count,jdbcType=INTEGER}
        where stu_id = #{stu_id,jdbcType=INTEGER} and homework_name = #{homework_name,jdbcType=VARCHAR}
    </update>

    <!--请假模块-->
    <!--学生向教师请假-->
    <insert id="sTakeLeaveInsert" parameterType="cn.zcbigdata.mybits_demo.entity.TStudentTake_Leave">
        insert into student_leave(stu_id,stu_name,stu_leave_reason,stu_leave_time,flag,teacher_id)
        values(#{stu_id,jdbcType=INTEGER},#{stu_name,jdbcType=VARCHAR},
        #{stu_leave_reason,jdbcType=VARCHAR},#{stu_leave_time,jdbcType=VARCHAR},
        #{flag,jdbcType=INTEGER},#{teacher_id,jdbcType=INTEGER})
    </insert>

    <!--学生查看自己的请假状态-->
    <select id="sTakeLeaveSelect" resultType="cn.zcbigdata.mybits_demo.entity.TStudentTake_Leave" parameterType="java.lang.Integer">
        select * from student_leave where stu_id = #{stu_id,jdbcType=INTEGER}
    </select>
</mapper>