<?xml version="1.0" encoding="UTF-8"?>
<!DOCTYPE mapper PUBLIC "-//mybatis.org//DTD Mapper 3.0//EN" "http://mybatis.org/dtd/mybatis-3-mapper.dtd">
<mapper namespace="cn.zcbigdata.mybits_demo.mapper.TeacherMapper">

    <!--登录模块-->
    <select id="tlogin" resultType="cn.zcbigdata.mybits_demo.entity.Teacher" parameterType="cn.zcbigdata.mybits_demo.entity.EasyStudentLogin">
        select * from teacher where teacher_id = #{teacher_id,jdbcType=INTEGER} and teacher_password = #{teacher_password,jdbcType=VARCHAR}
    </select>

    <!--教师作业模块的管理-->
    <select id="tHomeWorkSelectAll" resultType="cn.zcbigdata.mybits_demo.entity.THomeWork" parameterType="java.lang.Integer">
        select * from homework where teacher_id =  #{id,jdbcType=VARCHAR}
    </select>
    <select id="tHomeWorkSelectSon" resultType="cn.zcbigdata.mybits_demo.entity.THomeWork_Son" parameterType="java.lang.String">
        select homework_name,stu_name,flag,id from homework_son where homework_name =  #{homework_name,jdbcType=VARCHAR}
    </select>
    <select id="tHomeWorkSelectMySon" resultType="cn.zcbigdata.mybits_demo.entity.THomeWork_Son" parameterType="cn.zcbigdata.mybits_demo.entity.HomeSelect">
        select * from homework_son where stu_name = #{stu_name,jdbcType=VARCHAR} and homework_name = #{homework_name,jdbcType=VARCHAR}
    </select>
    <update id="tHomeWorkUpdate" parameterType="cn.zcbigdata.mybits_demo.entity.THomeWork_Son">
        update homework_son set
        teacher_reply = #{teacher_reply,jdbcType=VARCHAR},flag1 = #{flag1,jdbcType=INTEGER}
        where stu_name = #{stu_name,jdbcType=VARCHAR} and homework_name = #{homework_name,jdbcType=VARCHAR}
    </update>
    <insert id="tHomeWorkInsert" parameterType="cn.zcbigdata.mybits_demo.entity.THomeWork">
        insert into homework(homework_name,teacher_id,homework_time,homework_count)
        values(#{homework_name,jdbcType=VARCHAR},#{teacher_id,jdbcType=INTEGER},
        #{homework_time,jdbcType=VARCHAR},#{homework_count,jdbcType=INTEGER})
    </insert>

    <!--教师请假模块的管理-->
    <!--教师查看自己学生的假-->
    <select id="tStudentTakeLeave" resultType="cn.zcbigdata.mybits_demo.entity.TStudentTake_Leave" parameterType="java.lang.Integer">
        select * from student_leave where teacher_id =  #{teacher_id,jdbcType=INTEGER}
    </select>
    <!--教师批准自己学生的假-->
    <update id="tTeacherUpdateTakeLeave" parameterType="cn.zcbigdata.mybits_demo.entity.TStudentTake_Leave">
        update student_leave set flag = #{flag,jdbcType=INTEGER} where id = #{id,jdbcType=INTEGER}
    </update>
    <!--教师向管理员请假-->
    <insert id="tTakeLeaveInsert" parameterType="cn.zcbigdata.mybits_demo.entity.TTeacherTake_Leave">
        insert into teacher_leave(teacher_id,teacher_name,teacher_leave_reason,teacher_leave_time,flag)
        values(#{teacher_id,jdbcType=INTEGER},#{teacher_name,jdbcType=VARCHAR},
        #{teacher_leave_reason,jdbcType=VARCHAR},#{teacher_leave_time,jdbcType=VARCHAR}
        ,#{flag,jdbcType=INTEGER})

    </insert>

</mapper>